{
	"song": {
		"speed": 2.8,
		"stage": null,
		"player1": "bf",
		"player2": "pico",
		"player3": "gf",
		"notes": [
			{
				"lengthInSteps": 16,
				"altAnim": false,
				"typeOfSection": 0,
				"sectionNotes": [],
				"bpm": 0,
				"changeBPM": false,
				"mustHitSection": false
			},
			{
				"lengthInSteps": 16,
				"altAnim": false,
				"typeOfSection": 0,
				"sectionNotes": [
					[
						1714.28571428571,
						-1,
						"Add Camera Zoom",
						"",
						""
					],
					[
						2196.42857142857,
						-1,
						"Add Camera Zoom",
						"",
						""
					],
					[
						2169.64285714286,
						-1,
						"Add Camera Zoom",
						"",
						""
					],
					[
						2134.82142857143,
						-1,
						"Add Camera Zoom",
						"",
						""
					],
					[
						3313.39285714286,
						-1,
						"Add Camera Zoom",
						"",
						""
					],
					[
						3302.67857142857,
						-1,
						"Add Camera Zoom",
						"",
						""
					],
					[
						3289.28571428571,
						-1,
						"Add Camera Zoom",
						"",
						""
					],
					[
						3208.92857142857,
						-1,
						"Add Camera Zoom",
						"",
						""
					],
					[
						3198.21428571429,
						-1,
						"Add Camera Zoom",
						"",
						""
					],
					[
						3171.42857142857,
						-1,
						"Add Camera Zoom",
						"",
						""
					],
					[
						3166.07142857143,
						-1,
						"Add Camera Zoom",
						"",
						""
					],
					[
						3109.82142857143,
						-1,
						"Add Camera Zoom",
						"",
						""
					],
					[
						3075,
						-1,
						"Add Camera Zoom",
						"",
						""
					],
					[
						3042.85714285714,
						-1,
						"Add Camera Zoom",
						"",
						""
					],
					[
						3000,
						-1,
						"Add Camera Zoom",
						"",
						""
					],
					[
						2957.14285714286,
						-1,
						"Add Camera Zoom",
						"",
						""
					],
					[
						2927.67857142857,
						-1,
						"Add Camera Zoom",
						"",
						""
					],
					[
						2919.64285714286,
						-1,
						"Add Camera Zoom",
						"",
						""
					],
					[
						2887.5,
						-1,
						"Add Camera Zoom",
						"",
						""
					],
					[
						2866.07142857143,
						-1,
						"Add Camera Zoom",
						"",
						""
					],
					[
						2820.53571428571,
						-1,
						"Add Camera Zoom",
						"",
						""
					],
					[
						2783.03571428571,
						-1,
						"Add Camera Zoom",
						"",
						""
					],
					[
						2761.60714285714,
						-1,
						"Add Camera Zoom",
						"",
						""
					],
					[
						2737.5,
						-1,
						"Add Camera Zoom",
						"",
						""
					],
					[
						2702.67857142857,
						-1,
						"Add Camera Zoom",
						"",
						""
					],
					[
						2670.53571428571,
						-1,
						"Add Camera Zoom",
						"",
						""
					],
					[
						2662.5,
						-1,
						"Add Camera Zoom",
						"",
						""
					],
					[
						2641.07142857143,
						-1,
						"Add Camera Zoom",
						"",
						""
					],
					[
						2616.96428571429,
						-1,
						"Add Camera Zoom",
						"",
						""
					],
					[
						2606.25,
						-1,
						"Add Camera Zoom",
						"",
						""
					],
					[
						2600.89285714286,
						-1,
						"Add Camera Zoom",
						"",
						""
					],
					[
						2587.5,
						-1,
						"Add Camera Zoom",
						"",
						""
					],
					[
						2555.35714285714,
						-1,
						"Add Camera Zoom",
						"",
						""
					],
					[
						2541.96428571429,
						-1,
						"Add Camera Zoom",
						"",
						""
					]
				],
				"bpm": 0,
				"changeBPM": false,
				"mustHitSection": false
			},
			{
				"lengthInSteps": 16,
				"altAnim": false,
				"typeOfSection": 0,
				"sectionNotes": [],
				"bpm": 0,
				"changeBPM": false,
				"mustHitSection": false
			},
			{
				"lengthInSteps": 16,
				"altAnim": false,
				"typeOfSection": 0,
				"sectionNotes": [],
				"bpm": 0,
				"changeBPM": false,
				"mustHitSection": false
			},
			{
				"lengthInSteps": 16,
				"altAnim": false,
				"typeOfSection": 0,
				"sectionNotes": [],
				"bpm": 0,
				"changeBPM": false,
				"mustHitSection": false
			},
			{
				"lengthInSteps": 16,
				"altAnim": false,
				"typeOfSection": 0,
				"sectionNotes": [],
				"bpm": 0,
				"changeBPM": false,
				"mustHitSection": false
			},
			{
				"lengthInSteps": 16,
				"altAnim": false,
				"typeOfSection": 0,
				"sectionNotes": [],
				"bpm": 0,
				"changeBPM": false,
				"mustHitSection": false
			},
			{
				"lengthInSteps": 16,
				"altAnim": false,
				"typeOfSection": 0,
				"sectionNotes": [],
				"bpm": 0,
				"changeBPM": false,
				"mustHitSection": false
			},
			{
				"lengthInSteps": 16,
				"altAnim": false,
				"typeOfSection": 0,
				"sectionNotes": [],
				"bpm": 0,
				"changeBPM": false,
				"mustHitSection": false
			},
			{
				"lengthInSteps": 16,
				"altAnim": false,
				"typeOfSection": 0,
				"sectionNotes": [],
				"bpm": 0,
				"changeBPM": false,
				"mustHitSection": false
			},
			{
				"lengthInSteps": 16,
				"altAnim": false,
				"typeOfSection": 0,
				"sectionNotes": [],
				"bpm": 0,
				"changeBPM": false,
				"mustHitSection": false
			},
			{
				"lengthInSteps": 16,
				"altAnim": false,
				"typeOfSection": 0,
				"sectionNotes": [],
				"bpm": 0,
				"changeBPM": false,
				"mustHitSection": false
			},
			{
				"lengthInSteps": 16,
				"altAnim": false,
				"typeOfSection": 0,
				"sectionNotes": [],
				"bpm": 0,
				"changeBPM": false,
				"mustHitSection": false
			},
			{
				"lengthInSteps": 16,
				"altAnim": false,
				"typeOfSection": 0,
				"sectionNotes": [],
				"bpm": 0,
				"changeBPM": false,
				"mustHitSection": false
			},
			{
				"lengthInSteps": 16,
				"altAnim": false,
				"typeOfSection": 0,
				"sectionNotes": [],
				"bpm": 0,
				"changeBPM": false,
				"mustHitSection": false
			},
			{
				"lengthInSteps": 16,
				"altAnim": false,
				"typeOfSection": 0,
				"sectionNotes": [],
				"bpm": 0,
				"changeBPM": false,
				"mustHitSection": false
			},
			{
				"lengthInSteps": 16,
				"altAnim": false,
				"typeOfSection": 0,
				"sectionNotes": [],
				"bpm": 0,
				"changeBPM": false,
				"mustHitSection": false
			},
			{
				"lengthInSteps": 16,
				"altAnim": false,
				"typeOfSection": 0,
				"sectionNotes": [],
				"bpm": 0,
				"changeBPM": false,
				"mustHitSection": false
			},
			{
				"lengthInSteps": 16,
				"altAnim": false,
				"typeOfSection": 0,
				"sectionNotes": [],
				"bpm": 0,
				"changeBPM": false,
				"mustHitSection": false
			},
			{
				"lengthInSteps": 16,
				"altAnim": false,
				"typeOfSection": 0,
				"sectionNotes": [],
				"bpm": 0,
				"changeBPM": false,
				"mustHitSection": false
			},
			{
				"lengthInSteps": 16,
				"altAnim": false,
				"typeOfSection": 0,
				"sectionNotes": [],
				"bpm": 0,
				"changeBPM": false,
				"mustHitSection": false
			},
			{
				"lengthInSteps": 16,
				"altAnim": false,
				"typeOfSection": 0,
				"sectionNotes": [],
				"bpm": 0,
				"changeBPM": false,
				"mustHitSection": false
			},
			{
				"lengthInSteps": 16,
				"altAnim": false,
				"typeOfSection": 0,
				"sectionNotes": [],
				"bpm": 0,
				"changeBPM": false,
				"mustHitSection": false
			},
			{
				"lengthInSteps": 16,
				"altAnim": false,
				"typeOfSection": 0,
				"sectionNotes": [],
				"bpm": 0,
				"changeBPM": false,
				"mustHitSection": false
			},
			{
				"lengthInSteps": 16,
				"altAnim": false,
				"typeOfSection": 0,
				"sectionNotes": [],
				"bpm": 0,
				"changeBPM": false,
				"mustHitSection": false
			},
			{
				"lengthInSteps": 16,
				"altAnim": false,
				"typeOfSection": 0,
				"sectionNotes": [],
				"bpm": 0,
				"changeBPM": false,
				"mustHitSection": false
			},
			{
				"lengthInSteps": 16,
				"altAnim": false,
				"typeOfSection": 0,
				"sectionNotes": [],
				"bpm": 0,
				"changeBPM": false,
				"mustHitSection": false
			},
			{
				"lengthInSteps": 16,
				"altAnim": false,
				"typeOfSection": 0,
				"sectionNotes": [],
				"bpm": 0,
				"changeBPM": false,